43920640,Carlos Quispe Huaman,930279297,Premium
10325632,Maria Torres Salazar,979902594,Plus
36483080,Jose Ramirez Flores,972309123,Premium
78090652,Lucia Fernandez Rojas,993580684,Basico
34544936,Miguel Castillo Vargas,910864786,Basico
53742382,Ana Mendoza Paredes,994524306,Estandar
41918388,Luis Gutierrez Ramos,927511450,Basico
13805239,Rosa Chavez Delgado,971668007,Plus
73919417,Pedro Vasquez Medina,911701417,Corporativo
62150729,Carmen Rivera Cruz,925727919,Estandar
76726352,Jorge Herrera Silva,973952307,Premium
35921493,Elena Navarro Campos,944491709,Corporativo
42278493,Victor Sanchez Ortiz,926861257,Plus
25443432,Patricia Diaz Leon,943148620,Corporativo
47572973,Daniel Morales Pena,963037266,Estandar
29524849,Sofia Ponce Aguilar,915744851,Corporativo
77192049,Ricardo Cardenas Soto,975175910,Basico
33176696,Gabriela Rios Valdez,958739177,Estandar
35666553,Fernando Lazo Bravo,909647995,Premium
49235197,Teresa Cabrera Ibanez,934944127,Plus
