1001,34,15/07/2026,VELOCIDAD INVALIDA,305.50
1005,27,06/07/2026,VELOCIDAD INVALIDA,-15.00
1007,3,01/07/2026,CARRIL INVALIDO,9
1012,31,01/07/2026,VELOCIDAD INVALIDA,510.00
1013,13,11/07/2026,CARRIL INVALIDO,0
1016,50,12/07/2026,VELOCIDAD INVALIDA,320.00
1020,1,14/07/2026,CARRIL INVALIDO,5
1050,35,04/07/2026,CARRIL INVALIDO,6
1050,90,14/07/2026,VELOCIDAD INVALIDA,-38.03
1054,84,07/07/2026,CARRIL INVALIDO,8
1090,45,12/07/2026,VELOCIDAD INVALIDA,307.02
1097,19,09/07/2026,VELOCIDAD INVALIDA,-6.43
1101,85,13/07/2026,VELOCIDAD INVALIDA,490.74
1104,57,15/07/2026,VELOCIDAD INVALIDA,-5.54
1107,95,03/07/2026,VELOCIDAD INVALIDA,312.73
1124,23,08/07/2026,VELOCIDAD INVALIDA,421.77
1155,55,14/07/2026,VELOCIDAD INVALIDA,501.97
1157,100,08/07/2026,CARRIL INVALIDO,0
1160,41,09/07/2026,VELOCIDAD INVALIDA,-33.82
1204,68,08/07/2026,VELOCIDAD INVALIDA,400.78
1205,48,11/07/2026,CARRIL INVALIDO,8
1218,93,14/07/2026,CARRIL INVALIDO,0
1219,55,01/07/2026,CARRIL INVALIDO,6
1221,59,04/07/2026,VELOCIDAD INVALIDA,-20.61
1225,44,04/07/2026,CARRIL INVALIDO,9
1245,99,01/07/2026,VELOCIDAD INVALIDA,320.74
1256,3,08/07/2026,CARRIL INVALIDO,7
