323,3,Investigacion_de_Operaciones
324,3,Inteligencia_Artificial
325,3,Desarrollo_Web
326,3,Programacion_Orientada_a_Objetos
327,2,Etica_Profesional
328,3,Gestion_de_Proyectos
329,3,Seguridad_Informatica
302,3,Programacion_II
301,3,Programacion_I
315,3,Arquitectura_de_Computadoras
316,3,Sistemas_Operativos
317,3,Redes_de_Computadoras
318,3,Ingenieria_de_Software
319,3,Analisis_y_Diseno_de_Sistemas
320,2,Comunicacion_y_Redaccion
303,4,Algoritmos_y_Estructuras_de_Datos
304,3,Matematica_Basica
305,4,Calculo_I
306,4,Calculo_II
307,3,Algebra_Lineal
308,3,Fisica_I
309,3,Fisica_II
310,2,Quimica_General
311,3,Estadistica_y_Probabilidades
312,3,Matematica_Discreta
313,4,Base_de_Datos_I
314,4,Base_de_Datos_II
321,2,Ingles_Tecnico
322,3,Metodos_Numericos
330,2,Taller_de_Investigacion
